<?xml version="1.0" encoding="UTF-8"?>
<project-private xmlns="http://www.netbeans.org/ns/project-private/1">
    <editor-bookmarks xmlns="http://www.netbeans.org/ns/editor-bookmarks/2" lastBookmarkId="0"/>
    <open-files xmlns="http://www.netbeans.org/ns/projectui-open-files/2">
        <group>
            <file>file:/Users/chemit/Desktop/Uni/DS/Practicas/Pr1/Meteo/Pr1S2M1/src/pr1s2m1/Pr1S2M1.java</file>
            <file>file:/Users/chemit/Desktop/Uni/DS/Practicas/Pr1/Meteo/Pr1S2M1/src/pr1s2m1/obsGraficaTemp.java</file>
            <file>file:/Users/chemit/Desktop/Uni/DS/Practicas/Pr1/Meteo/Pr1S2M1/src/pr1s2m1/Hebra1.java</file>
        </group>
    </open-files>
</project-private>
